IP,date,method,url,code,size,referer,ua
162.55.33.98,[26/Apr/2021:21:20:17,+0000],"GET,200,2,"https://grafana.itoutposts.com/d/xtkCtBkiz/blackbox-exporter-overview?orgId=1&refresh=5s"
162.55.33.98,[26/Apr/2021:21:20:17,+0000],"GET,200,210,"https://grafana.itoutposts.com/d/xtkCtBkiz/blackbox-exporter-overview?orgId=1&refresh=5s"
162.55.33.98,[26/Apr/2021:21:20:17,+0000],"GET,200,212,"https://grafana.itoutposts.com/d/xtkCtBkiz/blackbox-exporter-overview?orgId=1&refresh=5s"
162.55.33.98,[26/Apr/2021:21:20:17,+0000],"GET,200,204,"https://grafana.itoutposts.com/d/xtkCtBkiz/blackbox-exporter-overview?orgId=1&refresh=5s"
162.55.33.98,[26/Apr/2021:21:20:17,+0000],"GET,200,201,"https://grafana.itoutposts.com/d/xtkCtBkiz/blackbox-exporter-overview?orgId=1&refresh=5s"
162.55.33.98,[26/Apr/2021:21:20:17,+0000],"GET,200,225,"https://grafana.itoutposts.com/d/xtkCtBkiz/blackbox-exporter-overview?orgId=1&refresh=5s"
162.55.33.98,[26/Apr/2021:21:20:17,+0000],"GET,200,209,"https://grafana.itoutposts.com/d/xtkCtBkiz/blackbox-exporter-overview?orgId=1&refresh=5s"
162.55.33.98,[26/Apr/2021:21:20:17,+0000],"GET,200,288,"https://grafana.itoutposts.com/d/xtkCtBkiz/blackbox-exporter-overview?orgId=1&refresh=5s"
162.55.33.98,[26/Apr/2021:21:20:17,+0000],"GET,200,87,"https://grafana.itoutposts.com/d/xtkCtBkiz/blackbox-exporter-overview?orgId=1&refresh=5s"
162.55.33.98,[26/Apr/2021:21:20:17,+0000],"GET,200,87,"https://grafana.itoutposts.com/d/xtkCtBkiz/blackbox-exporter-overview?orgId=1&refresh=5s"
162.55.33.98,[26/Apr/2021:21:20:17,+0000],"GET,200,288,"https://grafana.itoutposts.com/d/xtkCtBkiz/blackbox-exporter-overview?orgId=1&refresh=5s"
162.55.33.98,[26/Apr/2021:21:20:22,+0000],"GET,200,2,"https://grafana.itoutposts.com/d/xtkCtBkiz/blackbox-exporter-overview?orgId=1&refresh=5s"
162.55.33.98,[26/Apr/2021:21:20:22,+0000],"GET,200,204,"https://grafana.itoutposts.com/d/xtkCtBkiz/blackbox-exporter-overview?orgId=1&refresh=5s"
162.55.33.98,[26/Apr/2021:21:20:22,+0000],"GET,200,201,"https://grafana.itoutposts.com/d/xtkCtBkiz/blackbox-exporter-overview?orgId=1&refresh=5s"
162.55.33.98,[26/Apr/2021:21:20:22,+0000],"GET,200,210,"https://grafana.itoutposts.com/d/xtkCtBkiz/blackbox-exporter-overview?orgId=1&refresh=5s"
162.55.33.98,[26/Apr/2021:21:20:22,+0000],"GET,200,212,"https://grafana.itoutposts.com/d/xtkCtBkiz/blackbox-exporter-overview?orgId=1&refresh=5s"
162.55.33.98,[26/Apr/2021:21:20:22,+0000],"GET,200,225,"https://grafana.itoutposts.com/d/xtkCtBkiz/blackbox-exporter-overview?orgId=1&refresh=5s"
162.55.33.98,[26/Apr/2021:21:20:22,+0000],"GET,200,209,"https://grafana.itoutposts.com/d/xtkCtBkiz/blackbox-exporter-overview?orgId=1&refresh=5s"
162.55.33.98,[26/Apr/2021:21:20:22,+0000],"GET,200,87,"https://grafana.itoutposts.com/d/xtkCtBkiz/blackbox-exporter-overview?orgId=1&refresh=5s"
162.55.33.98,[26/Apr/2021:21:20:22,+0000],"GET,200,288,"https://grafana.itoutposts.com/d/xtkCtBkiz/blackbox-exporter-overview?orgId=1&refresh=5s"
162.55.33.98,[26/Apr/2021:21:20:22,+0000],"GET,200,87,"https://grafana.itoutposts.com/d/xtkCtBkiz/blackbox-exporter-overview?orgId=1&refresh=5s"
162.55.33.98,[26/Apr/2021:21:20:22,+0000],"GET,200,288,"https://grafana.itoutposts.com/d/xtkCtBkiz/blackbox-exporter-overview?orgId=1&refresh=5s"
162.55.33.98,[26/Apr/2021:21:20:27,+0000],"GET,200,2,"https://grafana.itoutposts.com/d/xtkCtBkiz/blackbox-exporter-overview?orgId=1&refresh=5s"
162.55.33.98,[26/Apr/2021:21:20:27,+0000],"GET,200,2,"https://grafana.itoutposts.com/d/xtkCtBkiz/blackbox-exporter-overview?editview=settings&orgId=1&refresh=5s"
162.55.33.98,[26/Apr/2021:21:20:27,+0000],"GET,200,201,"https://grafana.itoutposts.com/d/xtkCtBkiz/blackbox-exporter-overview?editview=settings&orgId=1&refresh=5s"
192.168.226.64,[26/Apr/2021:21:20:27,+0000],"GET,200,2,"https://grafana.itoutposts.com/d/xtkCtBkiz/blackbox-exporter-overview?orgId=1&refresh=5s"
192.168.226.64,[26/Apr/2021:21:20:27,+0000],"GET,200,204,"https://grafana.itoutposts.com/d/xtkCtBkiz/blackbox-exporter-overview?editview=settings&orgId=1&refresh=5s"
192.168.226.64,[26/Apr/2021:21:20:27,+0000],"GET,200,210,"https://grafana.itoutposts.com/d/xtkCtBkiz/blackbox-exporter-overview?editview=settings&orgId=1&refresh=5s"
192.168.226.64,[26/Apr/2021:21:20:27,+0000],"GET,200,212,"https://grafana.itoutposts.com/d/xtkCtBkiz/blackbox-exporter-overview?editview=settings&orgId=1&refresh=5s"
192.168.226.64,[26/Apr/2021:21:20:27,+0000],"GET,200,225,"https://grafana.itoutposts.com/d/xtkCtBkiz/blackbox-exporter-overview?editview=settings&orgId=1&refresh=5s"
192.168.226.64,[26/Apr/2021:21:20:27,+0000],"GET,200,209,"https://grafana.itoutposts.com/d/xtkCtBkiz/blackbox-exporter-overview?editview=settings&orgId=1&refresh=5s"
192.168.226.64,[26/Apr/2021:21:20:27,+0000],"GET,200,288,"https://grafana.itoutposts.com/d/xtkCtBkiz/blackbox-exporter-overview?editview=settings&orgId=1&refresh=5s"
192.168.226.64,[26/Apr/2021:21:20:27,+0000],"GET,200,87,"https://grafana.itoutposts.com/d/xtkCtBkiz/blackbox-exporter-overview?editview=settings&orgId=1&refresh=5s"
192.168.226.64,[26/Apr/2021:21:20:27,+0000],"GET,200,87,"https://grafana.itoutposts.com/d/xtkCtBkiz/blackbox-exporter-overview?editview=settings&orgId=1&refresh=5s"
192.168.226.64,[26/Apr/2021:21:20:27,+0000],"GET,200,288,"https://grafana.itoutposts.com/d/xtkCtBkiz/blackbox-exporter-overview?editview=settings&orgId=1&refresh=5s"
192.168.226.64,[26/Apr/2021:21:20:32,+0000],"GET,200,2,"https://grafana.itoutposts.com/d/xtkCtBkiz/blackbox-exporter-overview?editview=templating&orgId=1&refresh=5s"
192.168.226.64,[26/Apr/2021:21:20:32,+0000],"GET,200,201,"https://grafana.itoutposts.com/d/xtkCtBkiz/blackbox-exporter-overview?editview=templating&orgId=1&refresh=5s"
192.168.226.64,[26/Apr/2021:21:20:32,+0000],"GET,200,204,"https://grafana.itoutposts.com/d/xtkCtBkiz/blackbox-exporter-overview?editview=templating&orgId=1&refresh=5s"
192.168.226.64,[26/Apr/2021:21:20:32,+0000],"GET,200,210,"https://grafana.itoutposts.com/d/xtkCtBkiz/blackbox-exporter-overview?editview=templating&orgId=1&refresh=5s"
192.168.226.64,[26/Apr/2021:21:20:32,+0000],"GET,200,212,"https://grafana.itoutposts.com/d/xtkCtBkiz/blackbox-exporter-overview?editview=templating&orgId=1&refresh=5s"
192.168.226.64,[26/Apr/2021:21:20:32,+0000],"GET,200,206,"https://grafana.itoutposts.com/d/xtkCtBkiz/blackbox-exporter-overview?editview=templating&orgId=1&refresh=5s"
192.168.226.64,[26/Apr/2021:21:20:32,+0000],"GET,200,290,"https://grafana.itoutposts.com/d/xtkCtBkiz/blackbox-exporter-overview?editview=templating&orgId=1&refresh=5s"
192.168.226.64,[26/Apr/2021:21:20:32,+0000],"GET,200,226,"https://grafana.itoutposts.com/d/xtkCtBkiz/blackbox-exporter-overview?editview=templating&orgId=1&refresh=5s"
192.168.226.64,[26/Apr/2021:21:20:32,+0000],"GET,200,87,"https://grafana.itoutposts.com/d/xtkCtBkiz/blackbox-exporter-overview?editview=templating&orgId=1&refresh=5s"
192.168.226.64,[26/Apr/2021:21:20:32,+0000],"GET,200,87,"https://grafana.itoutposts.com/d/xtkCtBkiz/blackbox-exporter-overview?editview=templating&orgId=1&refresh=5s"
192.168.226.64,[26/Apr/2021:21:20:32,+0000],"GET,200,290,"https://grafana.itoutposts.com/d/xtkCtBkiz/blackbox-exporter-overview?editview=templating&orgId=1&refresh=5s"
192.168.226.64,[26/Apr/2021:21:20:37,+0000],"GET,200,2,"https://grafana.itoutposts.com/d/xtkCtBkiz/blackbox-exporter-overview?editview=templating&orgId=1&refresh=5s"
192.168.226.64,[26/Apr/2021:21:20:37,+0000],"GET,200,210,"https://grafana.itoutposts.com/d/xtkCtBkiz/blackbox-exporter-overview?editview=templating&orgId=1&refresh=5s"
192.168.226.64,[26/Apr/2021:21:20:37,+0000],"GET,200,212,"https://grafana.itoutposts.com/d/xtkCtBkiz/blackbox-exporter-overview?editview=templating&orgId=1&refresh=5s"
192.168.226.64,[26/Apr/2021:21:20:37,+0000],"GET,200,201,"https://grafana.itoutposts.com/d/xtkCtBkiz/blackbox-exporter-overview?editview=templating&orgId=1&refresh=5s"
192.168.226.64,[26/Apr/2021:21:20:37,+0000],"GET,200,204,"https://grafana.itoutposts.com/d/xtkCtBkiz/blackbox-exporter-overview?editview=templating&orgId=1&refresh=5s"
192.168.226.64,[26/Apr/2021:21:20:37,+0000],"GET,200,206,"https://grafana.itoutposts.com/d/xtkCtBkiz/blackbox-exporter-overview?editview=templating&orgId=1&refresh=5s"
192.168.226.64,[26/Apr/2021:21:20:37,+0000],"GET,200,226,"https://grafana.itoutposts.com/d/xtkCtBkiz/blackbox-exporter-overview?editview=templating&orgId=1&refresh=5s"
192.168.226.64,[26/Apr/2021:21:20:37,+0000],"GET,200,87,"https://grafana.itoutposts.com/d/xtkCtBkiz/blackbox-exporter-overview?editview=templating&orgId=1&refresh=5s"
192.168.226.64,[26/Apr/2021:21:20:37,+0000],"GET,200,290,"https://grafana.itoutposts.com/d/xtkCtBkiz/blackbox-exporter-overview?editview=templating&orgId=1&refresh=5s"
192.168.226.64,[26/Apr/2021:21:20:37,+0000],"GET,200,87,"https://grafana.itoutposts.com/d/xtkCtBkiz/blackbox-exporter-overview?editview=templating&orgId=1&refresh=5s"
192.168.226.64,[26/Apr/2021:21:20:37,+0000],"GET,200,290,"https://grafana.itoutposts.com/d/xtkCtBkiz/blackbox-exporter-overview?editview=templating&orgId=1&refresh=5s"
192.168.226.64,[26/Apr/2021:21:20:44,+0000],"GET,200,2,"https://grafana.itoutposts.com/d/xtkCtBkiz/blackbox-exporter-overview?editview=templating&orgId=1&refresh=5s"
192.168.226.64,[26/Apr/2021:21:20:44,+0000],"GET,200,204,"https://grafana.itoutposts.com/d/xtkCtBkiz/blackbox-exporter-overview?editview=templating&orgId=1&refresh=5s"
192.168.226.64,[26/Apr/2021:21:20:44,+0000],"GET,200,201,"https://grafana.itoutposts.com/d/xtkCtBkiz/blackbox-exporter-overview?editview=templating&orgId=1&refresh=5s"
192.168.226.64,[26/Apr/2021:21:20:44,+0000],"GET,200,212,"https://grafana.itoutposts.com/d/xtkCtBkiz/blackbox-exporter-overview?editview=templating&orgId=1&refresh=5s"
192.168.226.64,[26/Apr/2021:21:20:44,+0000],"GET,200,210,"https://grafana.itoutposts.com/d/xtkCtBkiz/blackbox-exporter-overview?editview=templating&orgId=1&refresh=5s"
192.168.226.64,[26/Apr/2021:21:20:45,+0000],"GET,200,226,"https://grafana.itoutposts.com/d/xtkCtBkiz/blackbox-exporter-overview?editview=templating&orgId=1&refresh=5s"
192.168.226.64,[26/Apr/2021:21:20:45,+0000],"GET,200,206,"https://grafana.itoutposts.com/d/xtkCtBkiz/blackbox-exporter-overview?editview=templating&orgId=1&refresh=5s"
192.168.226.64,[26/Apr/2021:21:20:45,+0000],"GET,200,290,"https://grafana.itoutposts.com/d/xtkCtBkiz/blackbox-exporter-overview?editview=templating&orgId=1&refresh=5s"
192.168.226.64,[26/Apr/2021:21:20:45,+0000],"GET,200,87,"https://grafana.itoutposts.com/d/xtkCtBkiz/blackbox-exporter-overview?editview=templating&orgId=1&refresh=5s"
192.168.226.64,[26/Apr/2021:21:20:45,+0000],"GET,200,87,"https://grafana.itoutposts.com/d/xtkCtBkiz/blackbox-exporter-overview?editview=templating&orgId=1&refresh=5s"
192.168.226.64,[26/Apr/2021:21:20:45,+0000],"GET,200,290,"https://grafana.itoutposts.com/d/xtkCtBkiz/blackbox-exporter-overview?editview=templating&orgId=1&refresh=5s"
192.168.226.64,[26/Apr/2021:21:20:47,+0000],"GET,200,201,"https://grafana.itoutposts.com/d/xtkCtBkiz/blackbox-exporter-overview?editview=templating&orgId=1&refresh=5s"
192.168.226.64,[26/Apr/2021:21:20:47,+0000],"GET,200,204,"https://grafana.itoutposts.com/d/xtkCtBkiz/blackbox-exporter-overview?editview=templating&orgId=1&refresh=5s"
192.168.226.64,[26/Apr/2021:21:20:47,+0000],"GET,200,2,"https://grafana.itoutposts.com/d/xtkCtBkiz/blackbox-exporter-overview?editview=templating&orgId=1&refresh=5s"
192.168.226.64,[26/Apr/2021:21:20:47,+0000],"GET,200,210,"https://grafana.itoutposts.com/d/xtkCtBkiz/blackbox-exporter-overview?editview=templating&orgId=1&refresh=5s"
192.168.226.64,[26/Apr/2021:21:20:47,+0000],"GET,200,212,"https://grafana.itoutposts.com/d/xtkCtBkiz/blackbox-exporter-overview?editview=templating&orgId=1&refresh=5s"
192.168.226.64,[26/Apr/2021:21:20:47,+0000],"GET,200,226,"https://grafana.itoutposts.com/d/xtkCtBkiz/blackbox-exporter-overview?editview=templating&orgId=1&refresh=5s"
192.168.226.64,[26/Apr/2021:21:20:47,+0000],"GET,200,290,"https://grafana.itoutposts.com/d/xtkCtBkiz/blackbox-exporter-overview?editview=templating&orgId=1&refresh=5s"
192.168.226.64,[26/Apr/2021:21:20:47,+0000],"GET,200,206,"https://grafana.itoutposts.com/d/xtkCtBkiz/blackbox-exporter-overview?editview=templating&orgId=1&refresh=5s"
192.168.226.64,[26/Apr/2021:21:20:47,+0000],"GET,200,87,"https://grafana.itoutposts.com/d/xtkCtBkiz/blackbox-exporter-overview?editview=templating&orgId=1&refresh=5s"
192.168.226.64,[26/Apr/2021:21:20:47,+0000],"GET,200,87,"https://grafana.itoutposts.com/d/xtkCtBkiz/blackbox-exporter-overview?editview=templating&orgId=1&refresh=5s"
192.168.226.64,[26/Apr/2021:21:20:47,+0000],"GET,200,290,"https://grafana.itoutposts.com/d/xtkCtBkiz/blackbox-exporter-overview?editview=templating&orgId=1&refresh=5s"
192.168.226.64,[26/Apr/2021:21:20:52,+0000],"GET,200,2,"https://grafana.itoutposts.com/d/xtkCtBkiz/blackbox-exporter-overview?editview=templating&orgId=1&refresh=5s"
192.168.226.64,[26/Apr/2021:21:20:52,+0000],"GET,200,201,"https://grafana.itoutposts.com/d/xtkCtBkiz/blackbox-exporter-overview?editview=templating&orgId=1&refresh=5s"
192.168.226.64,[26/Apr/2021:21:20:52,+0000],"GET,200,204,"https://grafana.itoutposts.com/d/xtkCtBkiz/blackbox-exporter-overview?editview=templating&orgId=1&refresh=5s"
192.168.226.64,[26/Apr/2021:21:20:52,+0000],"GET,200,210,"https://grafana.itoutposts.com/d/xtkCtBkiz/blackbox-exporter-overview?editview=templating&orgId=1&refresh=5s"
192.168.226.64,[26/Apr/2021:21:20:52,+0000],"GET,200,212,"https://grafana.itoutposts.com/d/xtkCtBkiz/blackbox-exporter-overview?editview=templating&orgId=1&refresh=5s"
192.168.226.64,[26/Apr/2021:21:20:52,+0000],"GET,200,226,"https://grafana.itoutposts.com/d/xtkCtBkiz/blackbox-exporter-overview?editview=templating&orgId=1&refresh=5s"
192.168.226.64,[26/Apr/2021:21:20:52,+0000],"GET,200,206,"https://grafana.itoutposts.com/d/xtkCtBkiz/blackbox-exporter-overview?editview=templating&orgId=1&refresh=5s"
192.168.226.64,[26/Apr/2021:21:20:52,+0000],"GET,200,290,"https://grafana.itoutposts.com/d/xtkCtBkiz/blackbox-exporter-overview?editview=templating&orgId=1&refresh=5s"
192.168.226.64,[26/Apr/2021:21:20:52,+0000],"GET,200,87,"https://grafana.itoutposts.com/d/xtkCtBkiz/blackbox-exporter-overview?editview=templating&orgId=1&refresh=5s"
192.168.226.64,[26/Apr/2021:21:20:52,+0000],"GET,200,87,"https://grafana.itoutposts.com/d/xtkCtBkiz/blackbox-exporter-overview?editview=templating&orgId=1&refresh=5s"
